<NotepadPlus>
    <Session activeView="0">
        <mainView activeIndex="3">
            <File firstVisibleLine="0" xOffset="0" scrollWidth="96" startPos="0" endPos="12" selMode="0" lang="Normal Text" encoding="-1" filename="new  0" backupFilePath="C:\Users\Administrator\Desktop\&#x543E;&#x7231;&#x7834;&#x89E3;&#x5DE5;&#x5177;&#x5305;\Tools\Editors\Notepad++ v6.7.9.2\backup\new  0@2018-06-17_210820" originalFileLastModifTimestamp="0" />
            <File firstVisibleLine="0" xOffset="0" scrollWidth="1356" startPos="0" endPos="0" selMode="0" lang="Normal Text" encoding="936" filename="C:\Users\Administrator\Desktop\excercise\message.log" backupFilePath="" originalFileLastModifTimestamp="1529725011" />
            <File firstVisibleLine="0" xOffset="0" scrollWidth="516" startPos="26" endPos="42" selMode="0" lang="Normal Text" encoding="-1" filename="new 1" backupFilePath="C:\Users\Administrator\Desktop\&#x543E;&#x7231;&#x7834;&#x89E3;&#x5DE5;&#x5177;&#x5305;\Tools\Editors\Notepad++ v6.7.9.2\backup\new 1@2018-06-26_174029" originalFileLastModifTimestamp="0" />
            <File firstVisibleLine="0" xOffset="0" scrollWidth="96" startPos="8" endPos="8" selMode="0" lang="Normal Text" encoding="-1" filename="new 2" backupFilePath="C:\Users\Administrator\Desktop\&#x543E;&#x7231;&#x7834;&#x89E3;&#x5DE5;&#x5177;&#x5305;\Tools\Editors\Notepad++ v6.7.9.2\backup\new 2@2018-06-28_182808" originalFileLastModifTimestamp="0" />
        </mainView>
        <subView activeIndex="0" />
    </Session>
</NotepadPlus>
